﻿music,os,gender,height,weight,shoe,month,color,pet,number,prob,math
classical,Windows,M,1.8,60,42,apr,blue,none,100,9,8.5
rock,Windows,M,1.79,180,43,sep,purple,dog,7,9.5,8.5
metal,Windows,M,1.74,82,44,mar,black,dog,69,6.5,6.5
folk,Windows,M,1.8,74,43,jul,white,none,75,8.5,7.5
pop,Windows,M,1.8,77,46,jun,blue,cat,69,5,8
hiphop,Windows,M,1.88,82,46,aug,black,dog,94,0,3
metal,Windows,M,1.8,66,44,nov,black,cat,56,10,8.5
hiphop,Windows,M,1.8,95,43,nov,grey,cat,21,,
pop,Windows,M,1.83,90,45,oct,blue,dog,8,6.5,7
rock,Windows,M,1.82,59,43,jun,purple,cat,58,3,5.5
metal,Windows,F,1.78,69,43,sep,black,cat,23,6,9
rock,Windows,M,1.81,92,46,aug,purple,dog,67,5.5,6
pop,Windows,F,1.68,56,38,sep,purple,dog,55,,6
rock,MacOS,F,1.7,54,39,mar,black,dog,26,7,9.5
rock,Windows,M,1.74,67,44,jan,green,dog,46,7.5,9
pop,Windows,F,1.57,55,37,sep,purple,dog,57,5,8
metal,Windows,M,1.8,73,43,oct,purple,cat,69,5.5,7
,Windows,F,1.73,70,41,dec,blue,dog,69,4,6.5
rock,Windows,M,1.85,95,43,may,black,dog,20,3,2
classical,MacOS,M,1.86,85,42,feb,black,,42,6,
classical,Windows,M,1.83,77,47,feb,grey,dog,53,10,9
hiphop,Windows,F,1.75,78,43,feb,fuchsia,dog,1.25992105,7.5,5.5
jazz,MacOS,M,1.74,68,41,nov,purple,dog,89,10,10
hiphop,Windows,F,1.67,53,38,sep,purple,dog,65,9.5,9.5
metal,Windows,M,1.68,75,44,apr,blue,none,58,0,3
pop,Windows,M,1.75,70,43,jan,red,dog,44,9,8
pop,Windows,F,1.7,53,38,jan,purple,dog,55,10,10
pop,Windows,M,1.8,60,44,jul,green,cat,13,10,10
hiphop,Linux/unix,M,1.9,105,45.5,nov,purple,cat,43,5,6
pop,Windows,M,1.78,66,44,mar,black,dog,42,5,5
rock,Windows,M,1.9,110,43,dec,blue,cat,40,5.5,7
laika,Windows,M,1.72,82,44,nov,red,none,3,6.5,8
rock,Linux/unix,M,1.8,85,44,jan,black,snake,15,7,6.5
rock,Windows,M,1.76,65,43,jan,blue,dog,33,7.5,8.5
hiphop,Windows,M,1.87,82,45,aug,black,cat,57,5.5,6
pop,Windows,F,1.7,63,39,jun,purple,dog,11,6,6
rock,Windows,F,1.62,60,40,jan,purple,cat,3,5.5,7.5
laika,Windows,M,1.77,80,43,dec,blue,dog,74,6.5,7.5
pop,Windows,F,1.6,57,38,jun,purple,dog,83,7,8
pop,Windows,M,1.74,66.5,42,jul,green,dog,32,6.5,5.5
none,Windows,M,1.73,73,43,feb,black,none,56,10,9.5
pop,Windows,M,1.87,73.5,44,nov,red,dog,3,9.5,8
pop,Windows,F,1.61,59,36,aug,green,dog,57,9.5,5
hiphop,MacOS,M,1.8,68,45,may,blue,dog,32,10,10
rock,Windows,M,1.8,71,46,sep,blue,cat,36,10,10
rock,Windows,M,1.67,59,42,jan,blue,none,50,6,6.5
laika,Windows,F,1.55,47,37,jul,blue,dog,1,5.5,6
hiphop,Windows,F,1.7,57,39,feb,purple,dog,45,10,6
hiphop,Windows,M,1.81,85,44.5,may,black,dog,99,10,9
rock,Windows,M,1.81,74,43,feb,black,dog,33,7.5,6.5
laika,Windows,F,1.67,52,40,may,green,cat,8,6,2
electronic,Windows,M,1.8,85,43,jul,purple,dog,80,7,6
pop,Windows,M,1.95,115,47,jun,blue,cat,89,6,9
pop,Windows,M,1.8,70,44,jul,green,dog,6,3,5
hiphop,Windows,M,1.78,83,43,dec,red,dog,5,5,5.5
electronic,Windows,F,1.63,67,38,apr,purple,cat,4,5.5,5.5
electronic,Windows,M,1.85,75,44,jan,purple,dog,73,5,7
hiphop,Windows,M,1.68,62,41,nov,black,dog,23,2,2.5
rock,Windows,F,1.8,110,42,mar,black,dog,73,5,7
electronic,Windows,M,1.7,75,42,feb,purple,dog,45,2,3
hiphop,Windows,M,1.86,82,44,nov,green,dog,6,5,6
hiphop,Windows,M,1.7,60,41,dec,black,dog,33,10,10
laika,Linux/unix,M,1.87,87,43,nov,black,dog,61,5,5.5
hiphop,Windows,M,1.85,75,44,mar,black,dog,88,,6.5
rock,Windows,F,1.63,48,38,jun,purple,cat,32,9.5,8.5
electronic,Windows,M,1.7,60,43,jan,blue,dog,57,7.5,8.5
hiphop,Windows,F,1.7,54,38.5,dec,yellow,cat,3,5,5
rock,Windows,F,1.74,64,43,aug,blue,cat,76,7.5,10
hiphop,Windows,F,1.7,56,40,may,red,dog,43,5.5,6
hiphop,Windows,M,1.87,77,46,jan,purple,dog,86,8,8
hiphop,Windows,F,1.76,70,42,jun,orange,dog,21,,
electronic,Windows,F,1.68,50,39,sep,blue,dog,76,2,8
pop,Windows,F,1.68,62,39,sep,purple,cat,28,9.5,5.5
electronic,Windows,M,1.86,88,46,oct,red,dog,87,5.5,5.5
pop,Windows,F,1.6,50,37,nov,blue,dog,9,5,
rock,Windows,M,1.75,80,42,may,black,dog,77,5,0
electronic,Windows,F,1.53,64,37,mar,blue,cat,4,,5
laika,Windows,F,1.78,63,40,jan,black,dog,7,7.5,
hiphop,Windows,M,1.73,68,42,nov,black,dog,67,5,7
electronic,MacOS,F,1.7,56,39,sep,Ροζ,dog,7,9,8
rock,Windows,M,1.8,94,43.5,nov,blue,dog,2,5,
pop,Windows,M,1.73,69,42.5,jan,black,dog,4,0,0
hiphop,Windows,M,1.85,94,45,dec,purple,dog,39,5.5,6
hiphop,Windows,M,1.97,113,48,jan,red,cat,77,0,3
hiphop,Windows,M,1.84,75,47,mar,red,cat,11,3,6
electronic,Linux/unix,M,2,90,45,jun,black,dog,12,5,5
electronic,Linux/unix,M,1.83,82,45.5,nov,blue,dog,1,9,10
metal,Windows,M,1.76,70,43,may,black,cat,77,6.5,
electronic,Windows,M,1.72,51,43,dec,white,,99,8,8.5
laika,Windows,M,1.8,79,45,sep,yellow,dog,71,7,7
hiphop,Windows,M,1.83,78,45,nov,yellow,dog,73,6,5
hiphop,Windows,M,1.9,84,47.5,jun,red,dog,55,8.5,6.5
hiphop,Windows,M,1.7,75,45,apr,black,dog,1,3,5.5
folk,Windows,M,1.84,93,44,aug,grey,dog,56,5,6
rock,Windows,M,1.83,85,43,dec,black,cat,5,8,3
pop,Windows,F,1.74,64,40,feb,purple,cat,6,7,6
pop,Windows,F,1.6,52,38,may,purple,dog,99,5.5,5.5
hiphop,Windows,M,1.9,110,47,aug,black,dog,8,5.5,9.5
metal,Windows,M,1.8,70,44,apr,black,dog,69,0,6
hiphop,Windows,M,1.77,63,44,oct,purple,dog,77,5.5,7.5
rock,Linux/unix,M,1.6,65,41,may,yellow,dog,38,7,0
rock,Windows,M,1.78,84.1,42,jun,black,dog,22,8,8
classical,Windows,M,1.82,82,44,sep,orange,dog,24,5.5,6.5
rock,Windows,F,1.57,56,39,oct,turquise,dog,77,7,6
metal,Windows,M,1.7,77,42,aug,blue,dog,69,8,
pop,Windows,F,1.68,56,37,jan,purple,dog,8,6.5,7
rock,Windows,F,1.73,60,39,oct,orange,dog,97,5.5,8
hiphop,Windows,F,1.65,62,39,dec,purple,dog,8,6,6
pop,MacOS,F,1.7,70,41,jul,green,cat,99,10,8.5
classical,Windows,M,1.8,75,44,oct,black,dog,54,,
hiphop,Windows,F,1.6,58,38,jul,black,none,42,6.5,4
pop,Windows,F,1.61,100,39,mar,blue,cat,19,0,0
hiphop,Windows,O,1.78,63.5,43,apr,green,cat,31,8.5,9
hiphop,Windows,M,1.83,78,45,nov,orange,dog,73,6,5
hiphop,Linux/unix,M,1.83,85,45,may,purple,cat,13,6,6
laika,Windows,M,1.72,60,43,mar,yellow,dog,21,9,7
rock,Windows,M,1.78,73,43.5,sep,purple,both,22,5,6.5
pop,Windows,M,1.79,68,42,aug,black,cat,7,3,6