Name,Position,Age,MarketValue,Country,Club,Matches,Goals
Kylian Mbappé,Centre-Forward,22,144,France,Paris Saint-Germain,16,7
Erling Haaland,Centre-Forward,21,135,Norway,Borussia Dortmund,10,13
Harry Kane,Centre-Forward,28,108,England,Tottenham Hotspur,16,7
Jack Grealish,Left Winger,26,90,England,Manchester City,15,2
Mohamed Salah,Right Winger,29,90,Egypt,Liverpool FC,15,15
Romelu Lukaku,Centre-Forward,28,90,Belgium,Chelsea FC,11,4
Kevin De Bruyne,Attacking Midfield,30,90,Belgium,Manchester City,14,3
Neymar,Left Winger,29,90,Brazil,Paris Saint-Germain,11,3
Jadon Sancho,Left Winger,21,81,England,Manchester United,13,0
Frenkie de Jong,Central Midfield,24,81,Netherlands,FC Barcelona,13,0
Bruno Fernandes,Attacking Midfield,27,81,Portugal,Manchester United,18,5
Joshua Kimmich,Defensive Midfield,26,81,Germany,Bayern Munich,18,3
Raheem Sterling,Left Winger,26,81,England,Manchester City,15,2
Marcus Rashford,Left Winger,24,76.5,England,Manchester United,6,3
Sadio Mané,Left Winger,29,76.5,Senegal,Liverpool FC,15,8
Heung-min Son,Left Winger,29,76.5,"Korea, South",Tottenham Hotspur,15,5
Pedri,Central Midfield,18,72,Spain,FC Barcelona,5,0
Phil Foden,Central Midfield,21,72,England,Manchester City,13,5
Lautaro Martínez,Centre-Forward,24,72,Argentina,Inter Milan,15,5
Marcos Llorente,Central Midfield,26,72,Spain,Atlético de Madrid,11,0
Lionel Messi,Right Winger,34,72,Argentina,Paris Saint-Germain,8,3
Mason Mount,Attacking Midfield,22,67.5,England,Chelsea FC,13,3
Trent Alexander-Arnold,Right-Back,23,67.5,England,Liverpool FC,12,1
Rúben Dias,Centre-Back,24,67.5,Portugal,Manchester City,16,0
Marquinhos,Centre-Back,27,67.5,Brazil,Paris Saint-Germain,13,1
Jude Bellingham,Central Midfield,18,63,England,Borussia Dortmund,18,3
João Félix,Second Striker,22,63,Portugal,Atlético de Madrid,11,1
Alphonso Davies,Left-Back,21,63,Canada,Bayern Munich,15,0
Achraf Hakimi,Right-Back,23,63,Morocco,Paris Saint-Germain,17,3
Declan Rice,Defensive Midfield,22,63,England,West Ham United,15,3
Rodri,Defensive Midfield,25,63,Spain,Manchester City,14,1
Mikel Oyarzabal,Left Winger,24,63,Spain,Real Sociedad,11,6
Federico Chiesa,Right Winger,24,63,Italy,Juventus FC,13,3
Matthijs de Ligt,Centre-Back,22,63,Netherlands,Juventus FC,12,1
Kai Havertz,Attacking Midfield,22,63,Germany,Chelsea FC,16,4
Sergej Milinković-Savić,Central Midfield,26,63,Serbia,SS Lazio,17,4
Bernardo Silva,Attacking Midfield,27,63,Portugal,Manchester City,16,3
Raphaël Varane,Centre-Back,28,63,France,Manchester United,9,0
Serge Gnabry,Right Winger,26,63,Germany,Bayern Munich,18,8
Leon Goretzka,Central Midfield,26,63,Germany,Bayern Munich,14,2
Jan Oblak,Goalkeeper,28,63,Slovenia,Atlético de Madrid,16,0
Casemiro,Defensive Midfield,29,63,Brazil,Real Madrid,15,0
Florian Wirtz,Attacking Midfield,18,58.5,Germany,Bayer 04 Leverkusen,14,7
Bukayo Saka,Left Midfield,20,58.5,England,Arsenal FC,13,2
Federico Valverde,Central Midfield,23,58.5,Uruguay,Real Madrid,12,0
Gianluigi Donnarumma,Goalkeeper,22,58.5,Italy,Paris Saint-Germain,7,0
Nicolò Barella,Central Midfield,24,58.5,Italy,Inter Milan,16,1
Andrew Robertson,Left-Back,27,58.5,Scotland,Liverpool FC,12,0
Ansu Fati,Left Winger,19,54,Spain,FC Barcelona,8,4
Jules Koundé,Centre-Back,23,54,France,Sevilla FC,13,0
